{"cameraMode":{"drawMode":0,"name":"Shaded","section":"Shading Mode"},"sceneLighting":false,"audioPlay":false,"sceneViewState":{"showFog":true,"showMaterialUpdate":false,"showSkybox":true,"showFlares":true,"showImageEffects":true,"showParticleSystems":true},"in2DMode":false,"pivot":{"x":34.91270065307617,"y":0.43700742721557619,"z":-200.9226837158203},"rotation":{"x":-0.05998357757925987,"y":0.31323495507240298,"z":-0.01982836425304413,"w":-0.9475719928741455},"size":22.0,"orthographic":false}