{"cameraMode":{"drawMode":0,"name":"Shaded","section":"Shading Mode"},"sceneLighting":false,"audioPlay":false,"sceneViewState":{"showFog":true,"showMaterialUpdate":false,"showSkybox":true,"showFlares":true,"showImageEffects":true,"showParticleSystems":true},"in2DMode":false,"pivot":{"x":32.314292907714847,"y":-23.191890716552736,"z":-184.7682647705078},"rotation":{"x":-0.42618098855018618,"y":0.021422090008854867,"z":-0.010095423087477684,"w":-0.904327929019928},"size":22.0,"orthographic":false}