{"cameraMode":{"drawMode":0,"name":"Shaded","section":"Shading Mode"},"sceneLighting":false,"audioPlay":false,"sceneViewState":{"showFog":true,"showMaterialUpdate":false,"showSkybox":true,"showFlares":true,"showImageEffects":true,"showParticleSystems":true},"in2DMode":false,"pivot":{"x":34.58500289916992,"y":4.146946907043457,"z":-205.11492919921876},"rotation":{"x":-0.06398125737905503,"y":0.9356218576431274,"z":-0.2591603696346283,"w":-0.2309848815202713},"size":3.3000826835632326,"orthographic":false}