{"cameraMode":{"drawMode":0,"name":"Shaded","section":"Shading Mode"},"sceneLighting":false,"audioPlay":false,"sceneViewState":{"showFog":true,"showMaterialUpdate":false,"showSkybox":true,"showFlares":true,"showImageEffects":true,"showParticleSystems":true},"in2DMode":false,"pivot":{"x":51.32386779785156,"y":11.832929611206055,"z":-214.19943237304688},"rotation":{"x":-0.27335894107818606,"y":0.010100368410348893,"z":-0.002870194846764207,"w":-0.9618548154830933},"size":2.8578836917877199,"orthographic":false}