{"cameraMode":{"drawMode":0,"name":"Shaded","section":"Shading Mode"},"sceneLighting":false,"audioPlay":false,"sceneViewState":{"showFog":true,"showMaterialUpdate":false,"showSkybox":true,"showFlares":true,"showImageEffects":true,"showParticleSystems":true},"in2DMode":false,"pivot":{"x":-0.24359428882598878,"y":0.8551382422447205,"z":-0.15547537803649903},"rotation":{"x":0.007021798752248287,"y":0.9610188007354736,"z":-0.024511288851499559,"w":0.2753049433231354},"size":2.841658592224121,"orthographic":false}