{"cameraMode":{"drawMode":0,"name":"Shaded","section":"Shading Mode"},"sceneLighting":false,"audioPlay":false,"sceneViewState":{"showFog":true,"showMaterialUpdate":false,"showSkybox":true,"showFlares":true,"showImageEffects":true,"showParticleSystems":true},"in2DMode":false,"pivot":{"x":35.44633102416992,"y":0.773378849029541,"z":-282.3742980957031},"rotation":{"x":-0.14296340942382813,"y":-0.6788010001182556,"z":0.13724666833877564,"w":-0.7070742845535278},"size":6.219264030456543,"orthographic":false}