{"cameraMode":{"drawMode":0,"name":"Shaded","section":"Shading Mode"},"sceneLighting":false,"audioPlay":false,"sceneViewState":{"showFog":true,"showMaterialUpdate":false,"showSkybox":true,"showFlares":true,"showImageEffects":true,"showParticleSystems":true},"in2DMode":false,"pivot":{"x":48.83668899536133,"y":3.5999999046325685,"z":-273.1109619140625},"rotation":{"x":-0.07630129158496857,"y":-0.05680252984166145,"z":-0.004353891126811504,"w":0.9954560399055481},"size":5.715768814086914,"orthographic":true}