{"cameraMode":{"drawMode":0,"name":"Shaded","section":"Shading Mode"},"sceneLighting":false,"audioPlay":false,"sceneViewState":{"showFog":true,"showMaterialUpdate":false,"showSkybox":true,"showFlares":true,"showImageEffects":true,"showParticleSystems":true},"in2DMode":false,"pivot":{"x":35.38926696777344,"y":0.09053778648376465,"z":-200.678955078125},"rotation":{"x":-0.14098314940929414,"y":0.4493732154369354,"z":-0.07205861806869507,"w":-0.8792014122009277},"size":22.0,"orthographic":false}