{"cameraMode":{"drawMode":0,"name":"Shaded","section":"Shading Mode"},"sceneLighting":true,"audioPlay":false,"sceneViewState":{"showFog":true,"showMaterialUpdate":false,"showSkybox":true,"showFlares":true,"showImageEffects":true,"showParticleSystems":true},"in2DMode":false,"pivot":{"x":11.7685546875,"y":-0.08754730224609375,"z":0.459716796875},"rotation":{"x":0.0010842542396858335,"y":0.6910185217857361,"z":-0.001036528730764985,"w":0.7228355407714844},"size":6.2235307693481449,"orthographic":true}