{"cameraMode":{"drawMode":0,"name":"Shaded","section":"Shading Mode"},"sceneLighting":false,"audioPlay":false,"sceneViewState":{"showFog":true,"showMaterialUpdate":false,"showSkybox":true,"showFlares":true,"showImageEffects":true,"showParticleSystems":true},"in2DMode":false,"pivot":{"x":-466.69610595703127,"y":20.173791885375978,"z":-279.6611633300781},"rotation":{"x":0.008174175396561623,"y":-0.7320465445518494,"z":-0.008784976787865162,"w":-0.6811489462852478},"size":22.0,"orthographic":false}