{"cameraMode":{"drawMode":0,"name":"Shaded","section":"Shading Mode"},"sceneLighting":false,"audioPlay":false,"sceneViewState":{"showFog":true,"showMaterialUpdate":false,"showSkybox":true,"showFlares":true,"showImageEffects":true,"showParticleSystems":true},"in2DMode":false,"pivot":{"x":0.7400000095367432,"y":-0.36063051223754885,"z":-8.0600004196167},"rotation":{"x":0.2661513686180115,"y":0.11819517612457276,"z":-0.032902441918849948,"w":0.9560914039611816},"size":3.3280229568481447,"orthographic":false}