{"cameraMode":{"drawMode":0,"name":"Shaded","section":"Shading Mode"},"sceneLighting":false,"audioPlay":false,"sceneViewState":{"showFog":true,"showMaterialUpdate":false,"showSkybox":true,"showFlares":true,"showImageEffects":true,"showParticleSystems":true},"in2DMode":false,"pivot":{"x":51.32386779785156,"y":11.832929611206055,"z":-214.19943237304688},"rotation":{"x":-0.06398125737905503,"y":0.9356218576431274,"z":-0.2591603696346283,"w":-0.2309848815202713},"size":22.0,"orthographic":false}