{"cameraMode":{"drawMode":0,"name":"Shaded","section":"Shading Mode"},"sceneLighting":false,"audioPlay":false,"sceneViewState":{"showFog":true,"showMaterialUpdate":false,"showSkybox":true,"showFlares":true,"showImageEffects":true,"showParticleSystems":true},"in2DMode":false,"pivot":{"x":0.4839361906051636,"y":-0.5117875933647156,"z":-0.9308009147644043},"rotation":{"x":-0.04616602137684822,"y":0.9522778987884522,"z":-0.18363595008850099,"w":-0.23940227925777436},"size":2.8959767818450929,"orthographic":false}