{"cameraMode":{"drawMode":0,"name":"Shaded","section":"Shading Mode"},"sceneLighting":false,"audioPlay":false,"sceneViewState":{"showFog":true,"showMaterialUpdate":false,"showSkybox":true,"showFlares":true,"showImageEffects":true,"showParticleSystems":true},"in2DMode":false,"pivot":{"x":-0.000004887580871582031,"y":0.9216156005859375,"z":-0.02201876789331436},"rotation":{"x":-0.13560959696769715,"y":0.43641719222068789,"z":-0.06672506034374237,"w":-0.8869598507881165},"size":4.148590087890625,"orthographic":false}