{"cameraMode":{"drawMode":0,"name":"Shaded","section":"Shading Mode"},"sceneLighting":false,"audioPlay":false,"sceneViewState":{"showFog":true,"showMaterialUpdate":false,"showSkybox":true,"showFlares":true,"showImageEffects":true,"showParticleSystems":true},"in2DMode":false,"pivot":{"x":53.52132797241211,"y":4.5606689453125,"z":-189.88014221191407},"rotation":{"x":0.03897889330983162,"y":0.02397945523262024,"z":-0.0009356735390610993,"w":0.9989518523216248},"size":38.79631423950195,"orthographic":true}