{"cameraMode":{"drawMode":0,"name":"Shaded","section":"Shading Mode"},"sceneLighting":false,"audioPlay":false,"sceneViewState":{"showFog":true,"showMaterialUpdate":false,"showSkybox":true,"showFlares":true,"showImageEffects":true,"showParticleSystems":true},"in2DMode":false,"pivot":{"x":27.8138370513916,"y":-6.459438323974609,"z":-48.82978820800781},"rotation":{"x":0.027376702055335046,"y":0.9723427891731262,"z":-0.17543084919452668,"w":0.15173739194869996},"size":120.26144409179688,"orthographic":false}