{"cameraMode":{"drawMode":0,"name":"Shaded","section":"Shading Mode"},"sceneLighting":false,"audioPlay":false,"sceneViewState":{"showFog":true,"showMaterialUpdate":false,"showSkybox":true,"showFlares":true,"showImageEffects":true,"showParticleSystems":true},"in2DMode":false,"pivot":{"x":0.7456350326538086,"y":-3.086484432220459,"z":0.8221633434295654},"rotation":{"x":0.2661513686180115,"y":0.11819517612457276,"z":-0.032902441918849948,"w":0.9560914039611816},"size":2.2578837871551515,"orthographic":false}