{"cameraMode":{"drawMode":0,"name":"Shaded","section":"Shading Mode"},"sceneLighting":false,"audioPlay":false,"sceneViewState":{"showFog":true,"showMaterialUpdate":false,"showSkybox":true,"showFlares":true,"showImageEffects":true,"showParticleSystems":true},"in2DMode":false,"pivot":{"x":39.197174072265628,"y":0.8264381289482117,"z":-203.77915954589845},"rotation":{"x":0.020425889641046525,"y":0.6970011591911316,"z":-0.019869918003678323,"w":0.7165036201477051},"size":6.394507884979248,"orthographic":false}